﻿"﻿Уникальный ID ресурса";"Статус (0 - не опубликован, 1- опубликован)";Название;"Краткое описание";"Направления обучения";"Учебно-методические комплексы";"Учебно-методические комплексы Азов"
000001;0;"Моторист буровой установки";"АОС содержит: основные операции процесса бурения; способы бурения и их особенности; технику безопасности при бурении скважин; общие сведения о буровом оборудовании; требования безопасности к дизельным агрегатам и приводам; систему смазки; топливную систему; систему охлаждения; контрольно - измерительные приборы и др.	";1,2,3;1084,1085,1088;1229,1230,1231
000002;0;"Система верхнего привода буровых установок";"Предназначена для обучения и переподготовки оперативного персонала буровых предприятий, осуществляющего строительство скважины.Для разработки АОС использовалась программа повышения квалификации специалистов отрасли ""Технология бурения нефтяных и газовых скважин"", согласованная с Управлением по надзору в нефтяной и газовой промышленности Госгортехнадзора России. В процессе использования АОС изучаются: назначение, технические характеристики и конструкция верхнего привода буровых установок, конструкция его основных узлов.	";48;1208;1232
000003;1;"Лаборант - коллектор по буровому и цементному растворам";"АОС описывает назначение и устройство контрольно - измерительных приборов для определения параметров цементного раствора и промывочной жидкости; способы приготовления и обработки промывочной жидкости химическими реагентами; физические и механические свойства реагентов и утяжелителей, начальные сведения о технологии бурения	";40;1163;1229
000004;1;"Приготовитель бурового раствора";"АОС рассматривает следующие вопросы: - классификация, технологические свойства и применение буровых растворов;- способы и технические средства для приготовления буровых растворов;- виды контроля параметров буровых растворов;- техника безопасности при приготовлении буровых растворов и их химической обработке.	";29;1139;1231
000004;1;"Приготовитель бурового раствора";"АОС рассматривает следующие вопросы: - классификация, технологические свойства и применение буровых растворов;- способы и технические средства для приготовления буровых растворов;- виды контроля параметров буровых растворов;- техника безопасности при приготовлении буровых растворов и их химической обработке.	";29;1139;1231
